,score,sentiment,text,time,tweet_id,words
0,0.0015897086844821233,neg,@jjgardner3  worst anmal ever.. only 35 year old single woman should have them. cats are like the anti-man,2008-03-20 23:55:54,774693171,"['USER_MENTION', 'worst', 'anmal', 'ever', 'year', 'old', 'single', 'woman', 'cats', 'like', 'antiman']"
1,0.0006520134067873942,neg,"@lafauce my daughter is begging for one, I hate cats .. i might lose this battle",2008-03-20 23:49:09,774690865,"['USER_MENTION', 'daughter', 'begging', 'one', 'hate', 'cats', 'might', 'lose', 'battle']"
2,0.01232837789309561,neg,Just woke up from an imprompTu cat nap.,2008-03-20 23:48:22,774690587,"['woke', 'impromptu', 'cat', 'nap']"
3,0.0028036720399562307,neg,I realy hate cats. No man should own a cat unless he is a Pharo or somerhing,2008-03-20 23:46:04,774689835,"['realy', 'hate', 'cats', 'man', 'cat', 'unless', 'pharo', 'somerhing']"
4,0.6073439148590882,pos,"4gb of RAM ordered, email inbox down to 24, printer setup, cat fed, trash taken out, time for video games!",2008-03-20 23:44:24,774689256,"['ram', 'ordered', 'email', 'inbox', 'printer', 'setup', 'cat', 'fed', 'trash', 'taken', 'time', 'video', 'games']"
5,0.0008574470637749205,neg,"@justjenn My favorite thing to say to the Grove. Can't stand that place. (But, for the record I LOVE LOLcats, but not cats so much).",2008-03-20 23:40:21,774687835,"['USER_MENTION', 'favorite', 'thing', 'say', 'grove', 'cant', 'stand', 'place', 'record', 'love', 'lolcats', 'cats', 'much']"
6,0.011838834161172967,neg,Gar -- Sprocket only wants to eat cat food. He steals from Othello ALL the time.,2008-03-20 23:34:40,774685759,"['gar', 'sprocket', 'wants', 'eat', 'cat', 'food', 'steals', 'othello', 'time']"
7,0.08009384115163391,neg,Space Cat - Karraveth,2008-03-20 23:34:32,774685705,"['space', 'cat', 'karraveth']"
8,0.0002905722351671074,neg,successful rescue however mouse is not looking too good. have returned him to the wild in hope of recovery. admonished cats. now is hungry.,2008-03-20 23:33:23,774685292,"['successful', 'rescue', 'however', 'mouse', 'looking', 'good', 'returned', 'wild', 'hope', 'recovery', 'admonished', 'cats', 'hungry']"
9,0.6458839621086409,pos,@Wiggly_Lisa Your kitty isn't the normal kitty though :)  He's more of a Crazy Cat.  hehehe,2008-03-20 23:32:28,774684897,"['USER_MENTION', 'kitty', 'isnt', 'normal', 'kitty', 'though', 'smile', 'hes', 'crazy', 'cat', 'hehehe']"
10,0.0022606039601638208,neg,"@yvonner my cat use to shoot kitty litter all over until I bought one of those litter boxes with a lid, best money I've spent on the kitty!",2008-03-20 23:30:08,774683968,"['USER_MENTION', 'cat', 'use', 'shoot', 'kitty', 'litter', 'bought', 'one', 'litter', 'boxes', 'lid', 'best', 'money', 'ive', 'spent', 'kitty']"
11,0.03096204251433316,neg,chasing another frog the cat has bought into the house,2008-03-20 23:29:25,774683698,"['chasing', 'another', 'frog', 'cat', 'bought', 'house']"
12,0.04812337759985962,neg,"@squeeack: Cats. And dogs, I'm telling you. Mammalian miscegenation. Everywhere.",2008-03-20 23:29:09,774683600,"['USER_MENTION', 'cats', 'dogs', 'im', 'telling', 'mammalian', 'miscegenation', 'everywhere']"
13,0.18553478727675674,neg,"Cat on lap, drooling on me as I pet him.",2008-03-20 23:28:35,774683407,"['cat', 'lap', 'drooling', 'pet']"
14,0.5009277828730812,pos,New blog post: 10 Cat Care Tips You Ought To Know http://tinyurl.com/3cl7r9,2008-03-20 23:28:19,774683311,"['new', 'blog', 'post', 'cat', 'care', 'tips', 'ought', 'know', 'URL']"
15,0.04220048636212731,neg,@akelatal my cat watches TV too. Very cute!,2008-03-20 23:27:10,774682968,"['USER_MENTION', 'cat', 'watches', 'tv', 'cute']"
16,0.08009384115163391,neg,8:30 [TOKYO MX] CAT'S?EYE #73『愛のカーテンコール』,2008-03-20 23:24:30,774682052,[]
17,0.028473096358010777,neg,"@squeeack: BoA AND Wachovia? Cats and dogs, living together! Mass hysteria!!! O.O",2008-03-20 23:24:23,774682011,"['USER_MENTION', 'boa', 'wachovia', 'cats', 'dogs', 'living', 'together', 'mass', 'hysteria', 'o.o']"
18,0.039114386823155343,neg,Listening to: Brian And Michael - Matchstalk Men & Matchstalk Cats & Dogs (Lowry's Song) http://tinyurl.com/2qpxag,2008-03-20 23:22:21,774681336,"['listening', 'brian', 'michael', 'matchstalk', 'men', 'matchstalk', 'cats', 'dogs', 'lowrys', 'song', 'URL']"
19,0.5621798630730119,pos,at the mean eyed cat w the austin peeps,2008-03-20 23:21:56,774681167,"['mean', 'eyed', 'cat', 'w', 'austin', 'peeps']"
20,0.0015897086844821233,neg,@jjgardner3  worst anmal ever.. only 35 year old single woman should have them. cats are like the anti-man,2008-03-20 23:55:54,774693171,"['USER_MENTION', 'worst', 'anmal', 'ever', 'year', 'old', 'single', 'woman', 'cats', 'like', 'antiman']"
21,0.0006520134067873942,neg,"@lafauce my daughter is begging for one, I hate cats .. i might lose this battle",2008-03-20 23:49:09,774690865,"['USER_MENTION', 'daughter', 'begging', 'one', 'hate', 'cats', 'might', 'lose', 'battle']"
22,0.01232837789309561,neg,Just woke up from an imprompTu cat nap.,2008-03-20 23:48:22,774690587,"['woke', 'impromptu', 'cat', 'nap']"
23,0.0028036720399562307,neg,I realy hate cats. No man should own a cat unless he is a Pharo or somerhing,2008-03-20 23:46:04,774689835,"['realy', 'hate', 'cats', 'man', 'cat', 'unless', 'pharo', 'somerhing']"
24,0.6073439148590882,pos,"4gb of RAM ordered, email inbox down to 24, printer setup, cat fed, trash taken out, time for video games!",2008-03-20 23:44:24,774689256,"['ram', 'ordered', 'email', 'inbox', 'printer', 'setup', 'cat', 'fed', 'trash', 'taken', 'time', 'video', 'games']"
25,0.0008574470637749205,neg,"@justjenn My favorite thing to say to the Grove. Can't stand that place. (But, for the record I LOVE LOLcats, but not cats so much).",2008-03-20 23:40:21,774687835,"['USER_MENTION', 'favorite', 'thing', 'say', 'grove', 'cant', 'stand', 'place', 'record', 'love', 'lolcats', 'cats', 'much']"
26,0.011838834161172967,neg,Gar -- Sprocket only wants to eat cat food. He steals from Othello ALL the time.,2008-03-20 23:34:40,774685759,"['gar', 'sprocket', 'wants', 'eat', 'cat', 'food', 'steals', 'othello', 'time']"
27,0.08009384115163391,neg,Space Cat - Karraveth,2008-03-20 23:34:32,774685705,"['space', 'cat', 'karraveth']"
28,0.0002905722351671074,neg,successful rescue however mouse is not looking too good. have returned him to the wild in hope of recovery. admonished cats. now is hungry.,2008-03-20 23:33:23,774685292,"['successful', 'rescue', 'however', 'mouse', 'looking', 'good', 'returned', 'wild', 'hope', 'recovery', 'admonished', 'cats', 'hungry']"
29,0.6458839621086409,pos,@Wiggly_Lisa Your kitty isn't the normal kitty though :)  He's more of a Crazy Cat.  hehehe,2008-03-20 23:32:28,774684897,"['USER_MENTION', 'kitty', 'isnt', 'normal', 'kitty', 'though', 'smile', 'hes', 'crazy', 'cat', 'hehehe']"
30,0.0022606039601638208,neg,"@yvonner my cat use to shoot kitty litter all over until I bought one of those litter boxes with a lid, best money I've spent on the kitty!",2008-03-20 23:30:08,774683968,"['USER_MENTION', 'cat', 'use', 'shoot', 'kitty', 'litter', 'bought', 'one', 'litter', 'boxes', 'lid', 'best', 'money', 'ive', 'spent', 'kitty']"
31,0.03096204251433316,neg,chasing another frog the cat has bought into the house,2008-03-20 23:29:25,774683698,"['chasing', 'another', 'frog', 'cat', 'bought', 'house']"
32,0.04812337759985962,neg,"@squeeack: Cats. And dogs, I'm telling you. Mammalian miscegenation. Everywhere.",2008-03-20 23:29:09,774683600,"['USER_MENTION', 'cats', 'dogs', 'im', 'telling', 'mammalian', 'miscegenation', 'everywhere']"
33,0.18553478727675674,neg,"Cat on lap, drooling on me as I pet him.",2008-03-20 23:28:35,774683407,"['cat', 'lap', 'drooling', 'pet']"
34,0.5009277828730812,pos,New blog post: 10 Cat Care Tips You Ought To Know http://tinyurl.com/3cl7r9,2008-03-20 23:28:19,774683311,"['new', 'blog', 'post', 'cat', 'care', 'tips', 'ought', 'know', 'URL']"
35,0.04220048636212731,neg,@akelatal my cat watches TV too. Very cute!,2008-03-20 23:27:10,774682968,"['USER_MENTION', 'cat', 'watches', 'tv', 'cute']"
36,0.08009384115163391,neg,8:30 [TOKYO MX] CAT'S?EYE #73『愛のカーテンコール』,2008-03-20 23:24:30,774682052,[]
37,0.028473096358010777,neg,"@squeeack: BoA AND Wachovia? Cats and dogs, living together! Mass hysteria!!! O.O",2008-03-20 23:24:23,774682011,"['USER_MENTION', 'boa', 'wachovia', 'cats', 'dogs', 'living', 'together', 'mass', 'hysteria', 'o.o']"
38,0.039114386823155343,neg,Listening to: Brian And Michael - Matchstalk Men & Matchstalk Cats & Dogs (Lowry's Song) http://tinyurl.com/2qpxag,2008-03-20 23:22:21,774681336,"['listening', 'brian', 'michael', 'matchstalk', 'men', 'matchstalk', 'cats', 'dogs', 'lowrys', 'song', 'URL']"
39,0.5621798630730119,pos,at the mean eyed cat w the austin peeps,2008-03-20 23:21:56,774681167,"['mean', 'eyed', 'cat', 'w', 'austin', 'peeps']"
40,0.5009277828730812,pos,New blog post: Cat Care Tips - 10 Tips You Should Know http://tinyurl.com/38sphu,2008-03-20 23:12:29,774677622,"['new', 'blog', 'post', 'cat', 'care', 'tips', 'tips', 'know', 'URL']"
41,0.004807532915343969,neg,Cat escaped from house. This sucks.,2008-03-20 23:06:31,774675440,"['cat', 'escaped', 'house', 'sucks']"
42,0.28942435658839105,neg,"Rita Mae Brown: Loves Cats, Hates Marriage: She kick-started modern lesbian lit and got kicked out of NOW. Writer Rita Mae Bro..",2008-03-20 23:01:02,774673504,"['rita', 'mae', 'brown', 'loves', 'cats', 'hates', 'marriage', 'kickstarted', 'modern', 'lesbian', 'lit', 'got', 'kicked', 'writer', 'rita', 'mae', 'bro']"
43,0.6555214512100318,pos,which cat brought a great big mouse into my kitchen! him covered in cobwebs or him whose jaws it's firmly clenched between? rescue mission!,2008-03-20 22:57:28,774672240,"['cat', 'brought', 'great', 'big', 'mouse', 'kitchen', 'covered', 'cobwebs', 'whose', 'jaws', 'firmly', 'clenched', 'rescue', 'mission']"
44,0.45695061930209563,neg,That dastardly cat escaped today. Boy is he fast. LOST is on tonight! w00t! Can't wait.,2008-03-20 22:54:26,774671212,"['dastardly', 'cat', 'escaped', 'today', 'boy', 'fast', 'lost', 'tonight', 'w00t', 'cant', 'wait']"
45,0.0024597025264838208,neg,There are hungry cats and an empty fridge.  I must be home.,2008-03-20 22:54:18,774671154,"['hungry', 'cats', 'empty', 'fridge', 'must', 'home']"
46,0.04458678233582302,neg,went to the Moon with Matt - bumped into Cat - and sees Paul in less than 12 hours!,2008-03-20 22:49:35,774669431,"['went', 'moon', 'matt', 'bumped', 'cat', 'sees', 'paul', 'less', 'hours']"
47,0.003725767941572546,neg,Looks like I need to buy a cat to prevent me having a heart attack http://tinyurl.com/2mcged,2008-03-20 22:49:23,774669367,"['looks', 'like', 'need', 'buy', 'cat', 'prevent', 'heart', 'attack', 'URL']"
48,0.0662106985479608,neg,Listening to King of Trees by Cat Stevens. :),2008-03-20 22:49:15,774669312,"['listening', 'king', 'trees', 'cat', 'stevens', 'smile']"
49,0.29794698051445856,neg,Nice game Cats...a moment of silence for Smooth and Joe!,2008-03-20 22:39:45,774665500,"['nice', 'game', 'cats', 'moment', 'silence', 'smooth', 'joe']"
50,0.009582991185744473,neg,My cat likes to hit me when I am sitting at my desk so that I will give her attention.,2008-03-20 22:37:23,774664520,"['cat', 'likes', 'hit', 'sitting', 'desk', 'give', 'attention']"
51,0.0029356608468637363,neg,@TheCrazyDogLady though I'm a cat person and not a dog person I'm friending you back.... yes we are still doing vegan dinner,2008-03-20 22:37:11,774664440,"['USER_MENTION', 'though', 'im', 'cat', 'person', 'dog', 'person', 'im', 'friending', 'back', 'yes', 'still', 'vegan', 'dinner']"
52,0.750938976242222,pos,Reading Peter's blog entry on 1stangel.co.uk/art  How cool is that cat!?,2008-03-20 22:35:09,774663709,"['reading', 'peters', 'blog', 'entry', 'cool', 'cat']"
53,0.08009384115163391,neg,Slate Magazine - Cat Power http://cutevid.com/node/10915,2008-03-20 22:32:23,774662578,"['slate', 'magazine', 'cat', 'power', 'URL']"
54,0.004840011000019808,neg,"My cat is so angry about moving, he's eating the box corners. Gahhhhd.",2008-03-20 22:32:23,774662570,"['cat', 'angry', 'moving', 'hes', 'eating', 'box', 'corners', 'gahhd']"
55,0.08009384115163391,neg,Ceiling Cat monks http://cutevid.com/node/10906,2008-03-20 22:32:21,774662557,"['ceiling', 'cat', 'monks', 'URL']"
56,0.012844813882336492,neg,AskMeFi: How to find strange cat pictures? http://cutevid.com/node/10905,2008-03-20 22:32:20,774662556,"['askmefi', 'find', 'strange', 'cat', 'pictures', 'URL']"
57,0.08009384115163391,neg,"Ceiling Cat monks "" ? http://cutevid.com/node/10902",2008-03-20 22:32:20,774662552,"['ceiling', 'cat', 'monks', 'URL']"
58,0.08009384115163391,neg,Anil Dash: Cats Can Has Grammar http://cutevid.com/node/10885,2008-03-20 22:32:15,774662515,"['anil', 'dash', 'cats', 'grammar', 'URL']"
59,0.014727705057236449,neg,"@akolade @apotheos I want to party with you guys.  Beer, video games and inappropriate cat urination.  What more could a girl want?",2008-03-20 22:27:12,774660708,"['USER_MENTION', 'USER_MENTION', 'want', 'party', 'guys', 'beer', 'video', 'games', 'inappropriate', 'cat', 'urination', 'could', 'girl', 'want']"
60,0.008972340831547857,neg,Holy cats! I'm still in the Pickle Top Ten. How awesome is that?,2007-07-20 23:58:41,160308782,"['holy', 'cats', 'im', 'still', 'pickle', 'top', 'ten', 'awesome']"
61,0.013112445957142161,neg,"I'm remembering we were jolted awake at 4:42 am this morning by a 4.2 earthquake in East Bay! Scary, paintings crooked, cats freaked out!",2007-07-20 23:40:20,160291142,"['im', 'remembering', 'jolted', 'awake', 'morning', 'earthquake', 'east', 'bay', 'scary', 'paintings', 'crooked', 'cats', 'freaked']"
62,0.08009384115163391,neg,6:37 Psapp - Ev'rybody Wants To Be A Cat,2007-07-20 23:39:08,160290002,"['psapp', 'evrybody', 'wants', 'cat']"
63,0.003088961019553092,neg,doesn't have the heart to tell the cat off for sleeping on my pillow!,2007-07-20 23:35:24,160285742,"['doesnt', 'heart', 'tell', 'cat', 'sleeping', 'pillow']"
64,0.0017333487821754288,neg,"@blankbaby, go with cat power instead. so much sadder.",2007-07-20 23:20:44,160271692,"['USER_MENTION', 'go', 'cat', 'power', 'instead', 'much', 'sadder']"
65,0.0017060411302337283,neg,"I have been absolutely inside my cat's head the last 2 days. Call me ""The Cat Whisperer""",2007-07-20 22:47:19,160235772,"['absolutely', 'inside', 'cats', 'head', 'last', 'days', 'call', 'cat', 'whisperer']"
66,0.018346037203039966,neg,I come L:home and the cat drools all over me.  Yuck!,2007-07-20 22:43:18,160230872,"['come', 'cat', 'drools', 'yuck']"
67,0.06917464179856893,neg,Picking up some cat + dog food.  $93.45!!  That's dangerously close to their total actual value.  Damn prima donna animals...,2007-07-20 22:36:34,160224282,"['picking', 'cat', 'dog', 'food', 'thats', 'dangerously', 'close', 'total', 'actual', 'value', 'damn', 'prima', 'donna', 'animals']"
68,0.08009384115163391,neg,@ tommy_the_cat よしよし,2007-07-20 22:33:10,160220412,['tommy_the_cat']
69,0.06514383790875782,neg,OMG how cute is our cat Crystal? All Pink and Blue?! http://www.flickr.com/photos/laserone/861410564/,2007-07-20 22:19:03,160205602,"['omg', 'cute', 'cat', 'crystal', 'pink', 'blue', 'URL']"
70,0.1599999726552209,neg,"@indiekid: Could we do a hardcore version of the Zelda theme, with cats meowing ferociously in the background? That would rock.",2007-07-20 22:18:33,160205072,"['USER_MENTION', 'could', 'hardcore', 'version', 'zelda', 'theme', 'cats', 'meowing', 'ferociously', 'background', 'would', 'rock']"
71,0.08009384115163391,neg,.@cat_red@fuji406@sasame3おはようございます！お腹が減りました(;.;) (携帯),2007-07-20 22:09:05,160193832,['USER_MENTION']
72,0.08009384115163391,neg,"Pizza, Beer, Cats.",2007-07-20 22:01:13,160184222,"['pizza', 'beer', 'cats']"
73,0.013917879065942648,neg,"Intervening in final cat conflict. Cats begone! So long, little terrors…",2007-07-20 21:58:31,160180782,"['intervening', 'final', 'cat', 'conflict', 'cats', 'begone', 'long', 'little']"
74,0.03205431335526756,neg,This is awesome. Everybody go read it right now. Prohibition-era cartoon anthropomorphic cat webcomic. :P http://www.lackadaisycats.com/inde,2007-07-20 21:57:00,160179262,"['awesome', 'everybody', 'go', 'read', 'right', 'prohibitionera', 'cartoon', 'anthropomorphic', 'cat', 'webcomic', 'p', 'URL']"
75,0.07068216078842686,neg,"loves that cat is sleeping on back, with paws in the air",2007-07-20 21:40:20,160160722,"['loves', 'cat', 'sleeping', 'back', 'paws', 'air']"
76,0.39587996525824765,neg,just got back from urgent care after being bite by a wild cat! isn't that just lovely!,2007-07-20 21:38:37,160158432,"['got', 'back', 'urgent', 'care', 'bite', 'wild', 'cat', 'isnt', 'lovely']"
77,0.029741340387912034,neg,Getting licked by a cat,2007-07-20 21:31:00,160148342,"['getting', 'licked', 'cat']"
78,0.01660351702563241,neg,Kassidy: The cat(?) words(?) does(?) not shut up. spinvox.com,2007-07-20 21:30:28,160147692,"['kassidy', 'cat', 'words', 'shut', 'spinvox.com']"
79,0.031156688222085192,neg,"getting ready to go run errands such as:  cat litter, strawberry lemon aid, lemon grass and   Spike.  one item per store SUCKS.",2007-07-20 21:07:43,160121792,"['getting', 'ready', 'go', 'run', 'errands', 'cat', 'litter', 'strawberry', 'lemon', 'aid', 'lemon', 'grass', 'spike', 'one', 'item', 'per', 'store', 'sucks']"
80,0.008972340831547857,neg,Holy cats! I'm still in the Pickle Top Ten. How awesome is that?,2007-07-20 23:58:41,160308782,"['holy', 'cats', 'im', 'still', 'pickle', 'top', 'ten', 'awesome']"
81,0.013112445957142161,neg,"I'm remembering we were jolted awake at 4:42 am this morning by a 4.2 earthquake in East Bay! Scary, paintings crooked, cats freaked out!",2007-07-20 23:40:20,160291142,"['im', 'remembering', 'jolted', 'awake', 'morning', 'earthquake', 'east', 'bay', 'scary', 'paintings', 'crooked', 'cats', 'freaked']"
82,0.08009384115163391,neg,6:37 Psapp - Ev'rybody Wants To Be A Cat,2007-07-20 23:39:08,160290002,"['psapp', 'evrybody', 'wants', 'cat']"
83,0.003088961019553092,neg,doesn't have the heart to tell the cat off for sleeping on my pillow!,2007-07-20 23:35:24,160285742,"['doesnt', 'heart', 'tell', 'cat', 'sleeping', 'pillow']"
84,0.0017333487821754288,neg,"@blankbaby, go with cat power instead. so much sadder.",2007-07-20 23:20:44,160271692,"['USER_MENTION', 'go', 'cat', 'power', 'instead', 'much', 'sadder']"
85,0.0017060411302337283,neg,"I have been absolutely inside my cat's head the last 2 days. Call me ""The Cat Whisperer""",2007-07-20 22:47:19,160235772,"['absolutely', 'inside', 'cats', 'head', 'last', 'days', 'call', 'cat', 'whisperer']"
86,0.018346037203039966,neg,I come L:home and the cat drools all over me.  Yuck!,2007-07-20 22:43:18,160230872,"['come', 'cat', 'drools', 'yuck']"
87,0.06917464179856893,neg,Picking up some cat + dog food.  $93.45!!  That's dangerously close to their total actual value.  Damn prima donna animals...,2007-07-20 22:36:34,160224282,"['picking', 'cat', 'dog', 'food', 'thats', 'dangerously', 'close', 'total', 'actual', 'value', 'damn', 'prima', 'donna', 'animals']"
88,0.08009384115163391,neg,@ tommy_the_cat よしよし,2007-07-20 22:33:10,160220412,['tommy_the_cat']
89,0.06514383790875782,neg,OMG how cute is our cat Crystal? All Pink and Blue?! http://www.flickr.com/photos/laserone/861410564/,2007-07-20 22:19:03,160205602,"['omg', 'cute', 'cat', 'crystal', 'pink', 'blue', 'URL']"
90,0.1599999726552209,neg,"@indiekid: Could we do a hardcore version of the Zelda theme, with cats meowing ferociously in the background? That would rock.",2007-07-20 22:18:33,160205072,"['USER_MENTION', 'could', 'hardcore', 'version', 'zelda', 'theme', 'cats', 'meowing', 'ferociously', 'background', 'would', 'rock']"
91,0.08009384115163391,neg,.@cat_red@fuji406@sasame3おはようございます！お腹が減りました(;.;) (携帯),2007-07-20 22:09:05,160193832,['USER_MENTION']
92,0.08009384115163391,neg,"Pizza, Beer, Cats.",2007-07-20 22:01:13,160184222,"['pizza', 'beer', 'cats']"
93,0.013917879065942648,neg,"Intervening in final cat conflict. Cats begone! So long, little terrors…",2007-07-20 21:58:31,160180782,"['intervening', 'final', 'cat', 'conflict', 'cats', 'begone', 'long', 'little']"
94,0.03205431335526756,neg,This is awesome. Everybody go read it right now. Prohibition-era cartoon anthropomorphic cat webcomic. :P http://www.lackadaisycats.com/inde,2007-07-20 21:57:00,160179262,"['awesome', 'everybody', 'go', 'read', 'right', 'prohibitionera', 'cartoon', 'anthropomorphic', 'cat', 'webcomic', 'p', 'URL']"
95,0.07068216078842686,neg,"loves that cat is sleeping on back, with paws in the air",2007-07-20 21:40:20,160160722,"['loves', 'cat', 'sleeping', 'back', 'paws', 'air']"
96,0.39587996525824765,neg,just got back from urgent care after being bite by a wild cat! isn't that just lovely!,2007-07-20 21:38:37,160158432,"['got', 'back', 'urgent', 'care', 'bite', 'wild', 'cat', 'isnt', 'lovely']"
97,0.029741340387912034,neg,Getting licked by a cat,2007-07-20 21:31:00,160148342,"['getting', 'licked', 'cat']"
98,0.01660351702563241,neg,Kassidy: The cat(?) words(?) does(?) not shut up. spinvox.com,2007-07-20 21:30:28,160147692,"['kassidy', 'cat', 'words', 'shut', 'spinvox.com']"
99,0.031156688222085192,neg,"getting ready to go run errands such as:  cat litter, strawberry lemon aid, lemon grass and   Spike.  one item per store SUCKS.",2007-07-20 21:07:43,160121792,"['getting', 'ready', 'go', 'run', 'errands', 'cat', 'litter', 'strawberry', 'lemon', 'aid', 'lemon', 'grass', 'spike', 'one', 'item', 'per', 'store', 'sucks']"
100,0.14280733167973939,neg,LOLCATS At I Can Has CheezBurger?: Some Friday fun—lolcats are pictures of cat with funny captio.. http://tinyurl.com/2y3ctb,2007-07-20 21:06:27,160120152,"['lolcats', 'cheezburger', 'friday', 'pictures', 'cat', 'funny', 'captio', 'URL']"
101,0.06189118414658948,neg,"@thomallen. Doubt it. If people liked centralized landing pages iGoogle would be used more. However, cats rule! http://tinyurl.com/2wgm5d",2007-07-20 20:56:43,160106642,"['USER_MENTION', 'doubt', 'people', 'liked', 'centralized', 'landing', 'pages', 'igoogle', 'would', 'used', 'however', 'cats', 'rule', 'URL']"
102,0.006641839584749528,neg,"yep....I was right.  It IS one of those days!  Darn you, Cheshire Cat!  PS...Congrats JamieG...though I will miss Hok. :(",2007-07-20 20:33:49,160081192,"['yep', 'right', 'one', 'days', 'darn', 'cheshire', 'cat', 'ps', 'congrats', 'jamieg', 'though', 'miss', 'hok', 'sad']"
103,0.10547297158991158,neg,@quirk cat hair and finger bits flavrrr,2007-07-20 20:16:17,160060952,"['USER_MENTION', 'cat', 'hair', 'finger', 'bits', 'flavrr']"
104,0.0005746443306053164,neg,"@cookicrook: nope, that's where I keep my lint & cat hair. The AE was in a power strip, which was fine until iTunes 7.x; now it's wonky.",2007-07-20 19:38:37,160011412,"['USER_MENTION', 'nope', 'thats', 'keep', 'lint', 'cat', 'hair', 'ae', 'power', 'strip', 'fine', 'itunes', 'wonky']"
105,0.00019132204715567415,neg,wondering which part of the basement floor my cat is crapping on right about now.,2007-07-20 19:38:21,160011192,"['wondering', 'part', 'basement', 'floor', 'cat', 'crapping', 'right']"
106,0.0001387130557130291,neg,This doesn't get better. I love my cat. He's the total opposite of fucking twitchy yappy dogs and annoying kittens.,2007-07-20 19:26:27,159994432,"['doesnt', 'get', 'better', 'love', 'cat', 'hes', 'total', 'opposite', 'fucking', 'twitchy', 'yappy', 'dogs', 'annoying', 'kittens']"
107,0.002390532906108009,neg,Listening to the 1920's Radio Network on iTunes. Don't razz nostalgia; it's still the cat's pajamas so stop talking that applesauce.,2007-07-20 19:10:39,159974542,"['listening', 'radio', 'network', 'itunes', 'dont', 'razz', 'nostalgia', 'still', 'cats', 'pajamas', 'stop', 'talking', 'applesauce']"
108,0.014918075713357607,neg,LOL cat idea: i has Wordz! Or in yur bed reading yur booksÖcomicsÖwordz. Or reading up all yur wordz.,2007-07-20 19:02:06,159962792,"['lol', 'cat', 'idea', 'wordz', 'yur', 'bed', 'reading', 'yur', 'reading', 'yur', 'wordz']"
109,0.0464179677984447,neg,Cat safely deposited at kennel. They are fine. I am freaked out. :(,2007-07-20 19:01:36,159961632,"['cat', 'safely', 'deposited', 'kennel', 'fine', 'freaked', 'sad']"
110,0.007566524296532292,neg,Why can't I focus today? Maybe it's working from home and the 1.2 gigawatts of coffee. And a needy cat. And a ADHD Kryptonian 2 year old.,2007-07-20 19:00:23,159959512,"['cant', 'focus', 'today', 'maybe', 'working', 'home', 'gigawatts', 'coffee', 'needy', 'cat', 'adhd', 'kryptonian', 'year', 'old']"
111,0.08616949895844621,neg,"chatting w/ Beth-nan.  ""Chloe likes it when I play ""This is the Feast"" on my Casio just before refilling her cat chow bowl.""",2007-07-20 19:00:21,159959292,"['chatting', 'bethnan', 'chloe', 'likes', 'play', 'feast', 'casio', 'refilling', 'cat', 'chow', 'bowl']"
112,0.08009384115163391,neg,Cy Coleman - Pussy Cat,2007-07-20 18:35:45,159929922,"['cy', 'coleman', 'pussy', 'cat']"
113,0.00017628294360473633,neg,"Glad it's Friday.  It's been a busy week but I've had fun cat and dog sitting.  Two friends out of town = 4 cats, 1 dog.",2007-07-20 18:33:27,159926742,"['glad', 'friday', 'busy', 'week', 'ive', 'fun', 'cat', 'dog', 'sitting', 'two', 'friends', 'town', 'cats', 'dog']"
114,0.5009277828730812,pos,New blog post: Cat harness http://tinyurl.com/22aa8q,2007-07-20 18:32:44,159925612,"['new', 'blog', 'post', 'cat', 'harness', 'URL']"
115,0.1145832884133682,neg,Just gave my 23 pound cat a bath........ aaahhhhh........good times,2007-07-20 18:23:37,159912072,"['gave', 'pound', 'cat', 'bath', 'aahh', 'good', 'times']"
116,0.005258841828978805,neg,ugh... the cat left an enormous dead rat on the porch.,2007-07-20 18:19:37,159906802,"['ugh', 'cat', 'left', 'enormous', 'dead', 'rat', 'porch']"
117,0.015810792627117456,neg,"@nplove: Felt the quake, woke up just enough to determine that I didn't need to seek cover, then went back to sleep. Cats slept thru it all.",2007-07-20 18:10:39,159894052,"['USER_MENTION', 'felt', 'quake', 'woke', 'enough', 'determine', 'didnt', 'need', 'seek', 'cover', 'went', 'back', 'sleep', 'cats', 'slept', 'thru']"
118,0.005778400706607924,neg,scrolling back through all the lol cats I has missed while eating lunch,2007-07-20 17:53:56,159870962,"['scrolling', 'back', 'lol', 'cats', 'missed', 'eating', 'lunch']"
119,0.03407614822774036,neg,Chasing the blinkin' cat off of the cat cage.,2007-07-20 17:49:22,159864762,"['chasing', 'blinkin', 'cat', 'cat', 'cage']"
120,0.08009384115163391,neg,A NEW CAT? #jacobsbignews,2014-11-21 23:59:59,535945753005289472,"['new', 'cat', 'jacobsbignews']"
121,0.26370291241777694,neg,*resumes marathon cat petting session*,2014-11-21 23:59:58,535945750249615360,"['marathon', 'cat', 'petting']"
122,0.0504141777066932,neg,Cat's Eye & Freshwater Pearl Gemstone Cross Necklace $85.00 http://www.celebrateyourfaith.com/Cat-39  http://pinterest.com/pin/207728601538696111/ …,2014-11-21 23:59:57,535945746160578560,"['cats', 'eye', 'freshwater', 'pearl', 'gemstone', 'cross', 'necklace', 'URL', 'URL']"
123,0.013490252644799432,neg,"@Snugzmeow cats like ""GET THIS STUFF OFF OF ME NOW!"" :P",2014-11-21 23:59:57,535945744617070592,"['USER_MENTION', 'cats', 'like', 'get', 'stuff', 'p']"
124,0.008224338911658927,neg,“@KBallout_24: “@Youllbe_aight: “@KBallout_24: Yo #oomf is truthfully a cat fish bro” @ her ” @her” ,2014-11-21 23:59:56,535945739268927488,"['yo', 'oomf', 'truthfully', 'cat', 'fish', 'USER_MENTION']"
125,0.14244495803918894,neg,@Cat_Graysonn my personal favourite,2014-11-21 23:59:55,535945736509485056,"['USER_MENTION', 'personal', 'favourite']"
126,0.08009384115163391,neg,"@nikka_M01 @piano_cat_river 
にゃーめん。(・ω・)ノ",2014-11-21 23:59:55,535945736005771264,"['USER_MENTION', 'USER_MENTION']"
127,0.08009384115163391,neg,PARABENS KITTY CAT!!!!!!!!!!!!! LOVE YA NINJA @stayherecalum pic.twitter.com/osxqJVhgY9,2014-11-21 23:59:55,535945734521360384,"['parabens', 'kitty', 'cat', 'love', 'ya', 'ninja', 'USER_MENTION']"
128,0.5365850724634741,pos,"FOUND CAT!! (24370844)
This adorable girl arrived 11/20 from Williamsport. She is not microchipped and we are... http://fb.me/1qKl945rj ",2014-11-21 23:59:52,535945724115316736,"['found', 'cat', 'adorable', 'girl', 'arrived', 'williamsport', 'microchipped', 'URL']"
129,0.006137805797656686,neg,@maggiesox that's my cat waking up from a nap on our bed.,2014-11-21 23:59:51,535945719941963776,"['USER_MENTION', 'thats', 'cat', 'waking', 'nap', 'bed']"
130,0.08009384115163391,neg,Leggooooo CATS!,2014-11-21 23:59:51,535945717718999040,"['leggoo', 'cats']"
131,0.017537085013102773,neg,I'm earning #mPOINTS Rewards in Cats 2048. http://getm.pt/zmdqzm  @2048_cats,2014-11-21 23:59:49,535945710408323072,"['im', 'earning', 'mpoints', 'rewards', 'cats', 'URL', 'USER_MENTION']"
132,0.0013014302377454563,neg,Take dog & cat meat off the menu. In 2014 this is no longer acceptable! Join the good fight @StopYulin2015 on Twitter,2014-11-21 23:59:49,535945710202396672,"['take', 'dog', 'cat', 'meat', 'menu', 'longer', 'acceptable', 'join', 'good', 'fight', 'USER_MENTION', 'twitter']"
133,0.08009384115163391,neg,CAT Day.,2014-11-21 23:59:48,535945708214317056,"['cat', 'day']"
134,0.006769665287566116,neg,Your stupid haircut RT @JoshConstine: I’m going to try to make Grumpy Cat smile. Send me your best[worst] tech jokes.,2014-11-21 23:59:48,535945707270574080,"['stupid', 'haircut', 'USER_MENTION', 'going', 'try', 'make', 'grumpy', 'cat', 'smile', 'send', 'tech', 'jokes']"
135,0.12587178326919887,neg,"Repubs have toyed with Dem stupidity 6 yrs like a cat with a mouse, & n 6 weeks the full fury against all Demorats will finally b unleashed!",2014-11-21 23:59:48,535945705115115520,"['repubs', 'toyed', 'dem', 'stupidity', 'yrs', 'like', 'cat', 'mouse', 'n', 'weeks', 'full', 'fury', 'demorats', 'finally', 'b', 'unleashed']"
136,0.006482882393388441,neg,can't wait to make a snapchat of my cats,2014-11-21 23:59:48,535945704653324288,"['cant', 'wait', 'make', 'snapchat', 'cats']"
137,0.0010136396064103698,neg,Makes me angry that we have seniors that have to eat cat food or not gets meds yet Obama rewards illegals pic.twitter.com/I6KASqLRcn,2014-11-21 23:59:47,535945702262968320,"['makes', 'angry', 'seniors', 'eat', 'cat', 'food', 'gets', 'meds', 'yet', 'obama', 'rewards', 'illegals']"
138,0.019530770993817358,neg,@chelss66 Can u please donate to help stray street cats & dogs https://www.paypal.com/cgi-bin/webscr?cmd=_s-xclick&hosted_button_id=H4HZWC6DB6XA8 … … Or http://www.gofundme.com/geb0cg pic.twitter.com/2Q98Z6sh5B,2014-11-21 23:59:45,535945695560478720,"['USER_MENTION', 'u', 'please', 'donate', 'help', 'stray', 'street', 'cats', 'dogs', 'URL', 'URL']"
139,0.00860849189473706,neg,Should @warwick_hunt79 give back @MatthewVaughan0's stolen cat? — No he should keep it http://ask.fm/a/bjoepaen ,2014-11-21 23:59:45,535945693857599488,"['USER_MENTION', 'give', 'back', 'USER_MENTION', 'stolen', 'cat', 'keep', 'URL']"
140,0.08009384115163391,neg,A NEW CAT? #jacobsbignews,2014-11-21 23:59:59,535945753005289472,"['new', 'cat', 'jacobsbignews']"
141,0.26370291241777694,neg,*resumes marathon cat petting session*,2014-11-21 23:59:58,535945750249615360,"['marathon', 'cat', 'petting']"
142,0.0504141777066932,neg,Cat's Eye & Freshwater Pearl Gemstone Cross Necklace $85.00 http://www.celebrateyourfaith.com/Cat-39  http://pinterest.com/pin/207728601538696111/ …,2014-11-21 23:59:57,535945746160578560,"['cats', 'eye', 'freshwater', 'pearl', 'gemstone', 'cross', 'necklace', 'URL', 'URL']"
143,0.013490252644799432,neg,"@Snugzmeow cats like ""GET THIS STUFF OFF OF ME NOW!"" :P",2014-11-21 23:59:57,535945744617070592,"['USER_MENTION', 'cats', 'like', 'get', 'stuff', 'p']"
144,0.008224338911658927,neg,“@KBallout_24: “@Youllbe_aight: “@KBallout_24: Yo #oomf is truthfully a cat fish bro” @ her ” @her” ,2014-11-21 23:59:56,535945739268927488,"['yo', 'oomf', 'truthfully', 'cat', 'fish', 'USER_MENTION']"
145,0.14244495803918894,neg,@Cat_Graysonn my personal favourite,2014-11-21 23:59:55,535945736509485056,"['USER_MENTION', 'personal', 'favourite']"
146,0.08009384115163391,neg,"@nikka_M01 @piano_cat_river 
にゃーめん。(・ω・)ノ",2014-11-21 23:59:55,535945736005771264,"['USER_MENTION', 'USER_MENTION']"
147,0.08009384115163391,neg,PARABENS KITTY CAT!!!!!!!!!!!!! LOVE YA NINJA @stayherecalum pic.twitter.com/osxqJVhgY9,2014-11-21 23:59:55,535945734521360384,"['parabens', 'kitty', 'cat', 'love', 'ya', 'ninja', 'USER_MENTION']"
148,0.5365850724634741,pos,"FOUND CAT!! (24370844)
This adorable girl arrived 11/20 from Williamsport. She is not microchipped and we are... http://fb.me/1qKl945rj ",2014-11-21 23:59:52,535945724115316736,"['found', 'cat', 'adorable', 'girl', 'arrived', 'williamsport', 'microchipped', 'URL']"
149,0.006137805797656686,neg,@maggiesox that's my cat waking up from a nap on our bed.,2014-11-21 23:59:51,535945719941963776,"['USER_MENTION', 'thats', 'cat', 'waking', 'nap', 'bed']"
150,0.08009384115163391,neg,Leggooooo CATS!,2014-11-21 23:59:51,535945717718999040,"['leggoo', 'cats']"
151,0.017537085013102773,neg,I'm earning #mPOINTS Rewards in Cats 2048. http://getm.pt/zmdqzm  @2048_cats,2014-11-21 23:59:49,535945710408323072,"['im', 'earning', 'mpoints', 'rewards', 'cats', 'URL', 'USER_MENTION']"
152,0.0013014302377454563,neg,Take dog & cat meat off the menu. In 2014 this is no longer acceptable! Join the good fight @StopYulin2015 on Twitter,2014-11-21 23:59:49,535945710202396672,"['take', 'dog', 'cat', 'meat', 'menu', 'longer', 'acceptable', 'join', 'good', 'fight', 'USER_MENTION', 'twitter']"
153,0.08009384115163391,neg,CAT Day.,2014-11-21 23:59:48,535945708214317056,"['cat', 'day']"
154,0.006769665287566116,neg,Your stupid haircut RT @JoshConstine: I’m going to try to make Grumpy Cat smile. Send me your best[worst] tech jokes.,2014-11-21 23:59:48,535945707270574080,"['stupid', 'haircut', 'USER_MENTION', 'going', 'try', 'make', 'grumpy', 'cat', 'smile', 'send', 'tech', 'jokes']"
155,0.12587178326919887,neg,"Repubs have toyed with Dem stupidity 6 yrs like a cat with a mouse, & n 6 weeks the full fury against all Demorats will finally b unleashed!",2014-11-21 23:59:48,535945705115115520,"['repubs', 'toyed', 'dem', 'stupidity', 'yrs', 'like', 'cat', 'mouse', 'n', 'weeks', 'full', 'fury', 'demorats', 'finally', 'b', 'unleashed']"
156,0.006482882393388441,neg,can't wait to make a snapchat of my cats,2014-11-21 23:59:48,535945704653324288,"['cant', 'wait', 'make', 'snapchat', 'cats']"
157,0.0010136396064103698,neg,Makes me angry that we have seniors that have to eat cat food or not gets meds yet Obama rewards illegals pic.twitter.com/I6KASqLRcn,2014-11-21 23:59:47,535945702262968320,"['makes', 'angry', 'seniors', 'eat', 'cat', 'food', 'gets', 'meds', 'yet', 'obama', 'rewards', 'illegals']"
158,0.019530770993817358,neg,@chelss66 Can u please donate to help stray street cats & dogs https://www.paypal.com/cgi-bin/webscr?cmd=_s-xclick&hosted_button_id=H4HZWC6DB6XA8 … … Or http://www.gofundme.com/geb0cg pic.twitter.com/2Q98Z6sh5B,2014-11-21 23:59:45,535945695560478720,"['USER_MENTION', 'u', 'please', 'donate', 'help', 'stray', 'street', 'cats', 'dogs', 'URL', 'URL']"
159,0.00860849189473706,neg,Should @warwick_hunt79 give back @MatthewVaughan0's stolen cat? — No he should keep it http://ask.fm/a/bjoepaen ,2014-11-21 23:59:45,535945693857599488,"['USER_MENTION', 'give', 'back', 'USER_MENTION', 'stolen', 'cat', 'keep', 'URL']"
160,0.004980562869631834,neg,"My cat was lying on a chair and I almost sat on her and I almost had a heart attack, christ",2014-11-21 23:59:44,535945689566818304,"['cat', 'lying', 'chair', 'almost', 'sat', 'almost', 'heart', 'attack', 'christ']"
161,0.01505842995996784,neg,Para quem gostou da foto anterior do big cat segue mais outras duas fotos.,2014-11-21 23:59:42,535945681983528960,"['para', 'quem', 'gostou', 'da', 'foto', 'anterior', 'big', 'cat', 'segue', 'mais', 'outras', 'duas', 'fotos']"
162,0.03697236174953394,neg,"The Scorpio Cat: Charming, but Vengeful #taylorswift #meredithgrey @catfancy http://ihavecat.com/2014/11/21/the-scorpio-cat-charming-but-vengeful/#.VG_R05JhoDY.twitter …",2014-11-21 23:59:42,535945681043591168,"['scorpio', 'cat', 'charming', 'vengeful', 'taylorswift', 'meredithgrey', 'USER_MENTION', 'URL']"
163,0.10899714611391072,neg,cat:3 /u\ pic.twitter.com/vTA3yaoN6I,2014-11-21 23:59:40,535945675062902784,[]
164,0.004622274010870328,neg,Watched my #CanesHoops win earlier now it’s time for my cats! #BBN #caliparination,2014-11-21 23:59:40,535945674429186048,"['watched', 'caneshoops', 'win', 'earlier', 'time', 'cats', 'bbn', 'caliparination']"
165,0.6433431764740569,pos,For those asking my cat top on @imacelebrity is from M&S! So glad you like it. My mum bought it for me as a joke. CAT LADY CHIC BITCHES.,2014-11-21 23:59:40,535945672126914560,"['asking', 'cat', 'top', 'USER_MENTION', 'glad', 'like', 'mum', 'bought', 'joke', 'cat', 'lady', 'chic', 'bitches']"
166,0.052090236697804014,neg,Just woke up from a Cat Nap,2014-11-21 23:59:40,535945671460016128,"['woke', 'cat', 'nap']"
167,0.08009384115163391,neg,@mat_frog_cat おはよー,2014-11-21 23:59:39,535945670599778304,['USER_MENTION']
168,0.002052450193792958,neg,"apres bien sur y'a cat's eyes, Goldorak et tout mais c'est apres seulement",2014-11-21 23:59:39,535945670440800256,"['apres', 'bien', 'sur', 'ya', 'cats', 'eyes', 'goldorak', 'et', 'tout', 'mais', 'cest', 'apres', 'seulement']"
169,0.00948624492882975,neg,"NHK深読みで犬の遺棄問題をやってます！みんなに見て欲しい問題
#PET #dog #cat",2014-11-21 23:59:39,535945669572165632,"['pet', 'dog', 'cat']"
170,0.017364310360554632,neg,"I have built a Billy's hut in Cat Story http://gigam.es/tw_CatStory  #Android, #AndroidGames, #GameInsight",2014-11-21 23:59:39,535945666782961664,"['built', 'billys', 'hut', 'cat', 'story', 'URL', 'android', 'androidgames', 'gameinsight']"
171,0.06027365423410296,neg,I want whoever decided to make the Grumpy Cat Christmas Movie to get hit by a bus...twice.,2014-11-21 23:59:38,535945666112258048,"['want', 'whoever', 'decided', 'make', 'grumpy', 'cat', 'christmas', 'movie', 'get', 'hit', 'bus', 'twice']"
172,0.005094925833110146,neg,Gif of cat getting face sucked by vaccum http://wp.me/p56Rxp-337 ,2014-11-21 23:59:37,535945662047612928,"['gif', 'cat', 'getting', 'face', 'sucked', 'vaccum', 'URL']"
173,0.18675380595462496,neg,Polymer clay cat  by KatzenKlaa https://www.etsy.com/listing/209392795/polymer-clay-cat … via @Etsy,2014-11-21 23:59:35,535945650408796160,"['polymer', 'clay', 'cat', 'katzenklaa', 'URL', 'via', 'USER_MENTION']"
174,0.02952662658962369,neg,A husky and savanna cat are on my list,2014-11-21 23:59:33,535945642636754944,"['husky', 'savanna', 'cat', 'list']"
175,0.7961867853487026,pos,Coming up on @KATVNews: We've got a second round playoff preview from Conway. Wampus Cats host Fayetteville tonight,2014-11-21 23:59:32,535945639939821568,"['coming', 'USER_MENTION', 'weve', 'got', 'second', 'round', 'playoff', 'preview', 'conway', 'wampus', 'cats', 'host', 'fayetteville', 'tonight']"
176,0.07050554313909814,neg,"Medium Gemstone Cross Necklace-Garnet, Onyx or Cats Eye $80.00 http://www.celebrateyourfaith.com/Med  http://pinterest.com/pin/207728601538696109/ …",2014-11-21 23:59:32,535945639193219072,"['medium', 'gemstone', 'cross', 'necklacegarnet', 'onyx', 'cats', 'eye', 'URL', 'URL']"
177,0.08059490768903566,neg,I should be finding myself lunch but too busy eavesdropping on my wife talking to her cousin about this cat…,2014-11-21 23:59:31,535945635044683776,"['finding', 'lunch', 'busy', 'eavesdropping', 'wife', 'talking', 'cousin']"
178,0.09863782953768624,neg,you're getting a new cat?  #jacobsbignews,2014-11-21 23:59:30,535945630976208896,"['youre', 'getting', 'new', 'cat', 'jacobsbignews']"
179,0.00013864227723818788,neg,Our cats are our family & today we lost a part of our family. It isn't going to be the same around here without Dusty pic.twitter.com/QyRxyll1b7,2014-11-21 23:59:29,535945626333478912,"['cats', 'family', 'today', 'lost', 'part', 'family', 'isnt', 'going', 'around', 'without', 'dusty']"
